Username,Password
user_7jvd4,neIGezXT
user_p5b8g,LzwgJysg
user_hx31a,6lUjot6g
user_kdq81,WgTbUmxY
user_qwop7,G8XdCtnX
user_tiqay,bcMtLNNn
user_31795,T5S53Ncp
user_sywi6,7h3v8mEX
user_8i9br,he3wVKZo
user_pbn7g,LpcBW50M
user_8eqev,mgR8RF9q
user_n6lcd,fViybmTK
user_37320,Hgco8sH5
user_uxnn7,sV5tCaUB
user_dqe70,6Mlfcf96
user_t75e8,pOzYkpTi
user_d1new,ei5sW6rV
user_zteho,USQVVixp
user_tfc5u,mX1WZBBg
user_0r63r,2mKoc8wE
user_m7cvq,j0USPxEa
user_72jpb,ljhnREw6
user_rnava,2YTzis9Z
user_uruq0,fQezfDyR
user_a79y5,DVRcuU7o
user_sofxu,3Ayjrqjp
user_sx6p2,rveY48kA
user_1n2rr,qPrzuHqr
user_ds5ql,onKnxbAL
user_e2ly9,jJ9RqfjY
user_mkxyc,YOtMzwQC
user_8hukv,7ETx4Wmw
user_jjrn4,Xsj70SAV
user_qiku8,AtIJaLO1
user_w007m,Ms9cu6m6
user_52xys,PNDQaRfA
user_r844y,OYG9KbsB
user_bwnn7,zkw0BPas
user_jojr9,VbdMmrAq
user_4e8gf,C32cCL2B
user_bx8w8,11nAoMic
user_ne9yp,DgvrRQZh
user_pog70,zi6yvLxL
user_zaq9z,tEUNYJZX
user_l86w4,Hz2hvgfk
user_qlkbh,B57D7UXj
user_ihdta,ZIU3RDeB
user_omesm,Ezjo4Og4
user_dxtui,SGJDhLoZ
user_mckp5,Mt9X7lt1
user_nuytk,hTJkbGUK
user_j4l9b,P9vaIqT4
user_132xn,8VwH8Bsm
user_xfn0z,PH3jvDWy
user_vjvyd,4ZqmXIfD
user_vet2b,R67Chbtm
user_02u0d,SbO8pIVz
user_x0ars,8yHKXj82
user_cjde0,xGUVe1Ic
user_44zvt,gEz01ZFY
user_3nc3i,RoftGTl2
user_wi3vq,mIxyzgJd
user_krokb,P7gH7pDq
user_b7wig,7eduXk3g
user_pyil4,DIh1zEFX
user_rm0z8,9Irwmdwy
user_mkuvz,D6MywS9u
user_i4x2g,XAcy95uo
user_4taf3,WXjtcelN
user_d15qo,AxaHBN4W
user_a9upc,yWiVTyV8
user_krlk7,Eoi57xAt
user_kn0ip,FWgl5YDm
user_y7vrb,RByDyf1G
user_80462,8ArXCfHZ
user_d5118,l25qqhqy
user_r4ds7,BQYtaiPC
user_7dxru,ji2PszIL
user_r2t5i,pGf3SqMQ
user_dc6g9,juD5kpHh
user_vg9hp,93N6EvPI
user_p2lrb,tQkw2DtZ
user_ta5ge,ZjPTT2K8
user_wjazy,VNZiFvHR
user_m87l2,UC8NAUUN
user_amprs,daI76CMq
user_tqpvw,cfw3jPcW
user_p5du3,aOqqiVNt
user_8df1g,Pfe0YAll
user_ufs76,n6XomQjW
user_fk4n7,ev860lAX
user_hptr0,QU0gralc
user_md4b5,pLGBnr7F
user_vbchq,Wj7uBoNC
user_x0m4c,2Hoh3DbE
user_edgr6,NGNur0LK
user_wbecf,bWASycxr
user_0tc3p,xd5pJr3l
user_xfmct,R0mcWUaR
user_qpm2e,NmQJm1j7
